experiment,accuracy
baseline,0.11267605633802817
experiment_1,0.1495124593716143
experiment_2,0.13434452871072589
experiment_3,0.15492957746478872
experiment_4,0.16143011917659805
experiment_5,0.1657638136511376
